id;content;created_at;updated_at
1;alienated without schnitzel;2025-03-02T00:11:36;2025-03-02T07:03:49
2;eek;2025-03-02T11:12:20;2025-03-02T01:00:24
3;ironclad;2025-03-02T07:42:04;2025-03-02T05:54:06
4;mealy abaft the;2025-03-01T23:22:56;2025-03-01T13:50:54
5;signature;2025-03-02T03:30:02;2025-03-02T00:05:03
6;floss;2025-03-02T09:22:42;2025-03-01T19:36:51
7;bar stealthily;2025-03-01T16:27:38;2025-03-01T15:05:21
8;dividend;2025-03-02T02:06:54;2025-03-01T18:59:02
9;ack huzzah innocently;2025-03-02T03:30:26;2025-03-01T12:23:48
10;and;2025-03-01T17:46:13;2025-03-02T03:41:09
